,word,theme
21,abandon,No theme
29,abduct,No theme
54,abortion,empowerement
70,abuse,violence
86,accident,No theme
96,account,No theme
102,accuse,No theme
111,acid,No theme
120,act,No theme
122,action,No theme
126,activist,empowerement
128,actor,empowerement
129,actress,female stereotypes
131,actually,No theme
138,add,No theme
171,admit,No theme
176,adopt,No theme
179,adorable,female stereotypes
197,advice,No theme
208,affair,female stereotypes
209,affect,No theme
218,afghan,No theme
224,africa,No theme
225,african,No theme
237,age,No theme
253,ago,No theme
266,ahead,No theme
270,ahmedabad,No theme
285,aim,No theme
297,airport,No theme
353,alia,No theme
366,alive,No theme
368,allegation,violence
369,allege,violence
371,allegedly,violence
382,allow,No theme
414,amazing,No theme
415,amazon,No theme
435,america,No theme
436,american,No theme
489,andhra,No theme
510,angry,No theme
538,anniversary,No theme
555,answer,No theme
565,anti,No theme
578,anushka,No theme
595,apologise,No theme
600,app,No theme
617,appoint,empowerement
633,arabia,No theme
674,army,No theme
683,arrest,violence
690,art,No theme
699,artist,empowerement
734,asia,No theme
736,asian,No theme
751,assam,No theme
757,assault,violence
758,assembly,No theme
790,athlete,No theme
802,attack,violence
805,attempt,No theme
806,attend,No theme
844,australia,No theme
845,australian,No theme
848,author,empowerement
853,auto,No theme
881,avoid,No theme
887,award,empowerement
932,baby,female stereotypes
939,bachchan,No theme
960,bad,No theme
976,bag,No theme
987,bail,violence
1032,ban,No theme
1049,banerjee,No theme
1052,bangalore,No theme
1102,barrier,No theme
1142,battle,violence
1158,beach,No theme
1163,bear,No theme
1168,beat,violence
1173,beautiful,female stereotypes
1175,beauty,female stereotypes
1183,bed,No theme
1196,begin,No theme
1222,believe,No theme
1243,benefit,No theme
1244,bengal,No theme
1285,beyonce,No theme
1325,bhatt,No theme
1353,bias,No theme
1360,bid,No theme
1370,bigg,No theme
1374,bihar,No theme
1377,bike,No theme
1378,biker,No theme
1385,bill,No theme
1422,birth,female stereotypes
1439,bjp,No theme
1442,black,No theme
1452,blame,No theme
1490,blood,violence
1498,blue,No theme
1507,board,No theme
1520,body,female stereotypes
1538,bollywood,No theme
1543,bomb,No theme
1573,border,No theme
1588,boss,empowerement
1618,box,No theme
1621,boy,No theme
1624,boyfriend,No theme
1638,brain,No theme
1650,brave,No theme
1669,breast,female stereotypes
1671,breastfeed,No theme
1693,bride,female stereotypes
1708,britain,No theme
1731,brother,No theme
1733,brown,No theme
1764,build,No theme
1779,bully,No theme
1810,burn,violence
1817,business,empowerement
1843,cab,No theme
1868,california,No theme
1883,camera,No theme
1890,campaign,No theme
1900,cancer,No theme
1904,candidate,No theme
1933,captain,No theme
1951,care,female stereotypes
1952,career,empowerement
2003,caste,No theme
2048,ceiling,No theme
2050,celebrate,No theme
2054,celebrity,No theme
2069,cent,No theme
2075,century,No theme
2076,ceo,No theme
2107,challenge,No theme
2113,champion,No theme
2114,championship,No theme
2121,chandigarh,No theme
2132,change,No theme
2142,character,No theme
2161,chase,No theme
2181,cheat,female stereotypes
2205,chennai,No theme
2235,chief,empowerement
2237,child,female stereotypes
2254,china,No theme
2256,chinese,No theme
2271,choice,No theme
2278,choose,No theme
2280,chop,No theme
2297,christian,No theme
2302,christmas,No theme
2313,church,No theme
2324,cinema,No theme
2349,claim,No theme
2371,clean,No theme
2375,clear,No theme
2410,clothe,No theme
2425,coach,No theme
2443,code,No theme
2475,college,No theme
2487,color,No theme
2499,combat,No theme
2517,comment,No theme
2522,commission,No theme
2524,commit,female stereotypes
2536,community,No theme
2540,company,No theme
2556,complaint,No theme
2557,complete,No theme
2600,confess,No theme
2618,congress,No theme
2671,contest,No theme
2685,control,No theme
2688,controversy,No theme
2695,convert,No theme
2697,convict,violence
2704,cook,female stereotypes
2710,cool,No theme
2714,cop,violence
2750,cost,No theme
2773,couple,No theme
2779,court,violence
2810,crash,violence
2835,crew,No theme
2838,cricket,No theme
2839,cricketer,No theme
2840,crime,violence
2865,cross,No theme
2885,crush,No theme
2887,cry,female stereotypes
2913,culture,No theme
2918,cup,No theme
2940,custody,No theme
2945,cut,No theme
2970,dad,No theme
2991,dalit,No theme
3003,dance,No theme
3028,dark,No theme
3041,date,No theme
3044,daughter,female stereotypes
3068,dead,violence
3078,death,violence
3081,debate,No theme
3086,debut,No theme
3089,decade,No theme
3098,decide,No theme
3100,decision,No theme
3124,deepika,No theme
3140,defence,No theme
3141,defend,violence
3167,delhi,No theme
3174,deliver,No theme
3181,demand,No theme
3216,deny,No theme
3237,depression,No theme
3254,describe,No theme
3257,deserve,No theme
3262,design,No theme
3264,designer,No theme
3375,die,violence
3380,diet,No theme
3383,different,No theme
3433,director,empowerement
3439,disabled,No theme
3462,discover,No theme
3467,discrimination,No theme
3471,disease,No theme
3527,district,No theme
3545,divorce,female stereotypes
3560,doctor,empowerement
3577,domestic,female stereotypes
3580,dominate,No theme
3587,donald,No theme
3588,donate,No theme
3597,door,No theme
3616,double,No theme
3627,dowry,No theme
3634,drag,No theme
3647,draw,No theme
3653,dream,empowerement
3657,dress,female stereotypes
3663,drink,No theme
3666,driver,No theme
3673,drown,violence
3674,drug,violence
3677,drunk,No theme
3716,dump,No theme
3762,early,No theme
3764,earn,No theme
3779,easy,female stereotypes
3810,education,empowerement
3835,elderly,No theme
3837,elect,No theme
3838,election,No theme
3886,embrace,No theme
3902,emotional,female stereotypes
3912,employee,empowerement
3915,empower,empowerement
3917,empowerment,No theme
3944,engineer,No theme
3946,england,No theme
3979,entrepreneur,empowerement
3982,entry,No theme
3996,equal,empowerement
3998,equality,empowerement
4022,escape,violence
4079,event,No theme
4096,exam,No theme
4122,executive,No theme
4152,experience,No theme
4155,expert,empowerement
4156,explain,No theme
4167,expose,No theme
4169,express,No theme
4203,facebook,No theme
4208,fact,No theme
4216,fail,No theme
4226,fake,No theme
4231,fall,violence
4242,family,female stereotypes
4243,famous,No theme
4251,far,No theme
4259,farmer,No theme
4269,fashion,No theme
4273,fast,No theme
4275,fat,No theme
4280,father,No theme
4296,fear,female stereotypes
4297,fearless,No theme
4302,feature,No theme
4310,feed,No theme
4313,feel,female stereotypes
4330,feminism,No theme
4331,feminist,female stereotypes
4353,festival,No theme
4376,field,No theme
4383,fight,violence
4385,fighter,No theme
4387,figure,No theme
4392,file,No theme
4409,financial,No theme
4422,fire,violence
4428,firm,No theme
4431,first,No theme
4439,fit,No theme
4441,fitness,No theme
4483,floor,No theme
4487,florida,No theme
4503,focus,No theme
4514,food,No theme
4519,foot,No theme
4521,football,No theme
4528,forbe,No theme
4531,force,No theme
4551,forget,No theme
4554,form,No theme
4571,founder,empowerement
4601,freedom,No theme
4651,fund,No theme
4656,funeral,No theme
4667,future,No theme
4678,gadot,No theme
4688,gal,female stereotypes
4702,gandhi,No theme
4707,gang,violence
4711,gangrape,violence
4716,gap,No theme
4757,gay,No theme
4783,gender,No theme
4786,general,No theme
4799,genital,No theme
4826,gets,No theme
4875,girlfriend,female stereotypes
4889,glass,No theme
4897,global,No theme
4934,gold,No theme
4935,golden,No theme
4957,google,No theme
4993,government,No theme
4996,govt,No theme
5049,great,No theme
5087,grope,No theme
5091,ground,No theme
5094,grow,No theme
5103,guard,No theme
5116,guide,No theme
5119,guilty,violence
5123,gujarat,No theme
5135,gun,violence
5148,gurgaon,No theme
5165,guy,No theme
5176,hack,No theme
5188,hair,No theme
5241,hang,No theme
5259,harass,violence
5262,harassment,violence
5302,haryana,No theme
5321,hate,violence
5346,head,No theme
5360,health,No theme
5362,healthy,No theme
5366,heart,No theme
5382,heavy,No theme
5404,help,No theme
5431,hero,No theme
5454,hijab,No theme
5460,hilarious,No theme
5478,hindu,No theme
5492,hire,No theme
5498,history,No theme
5499,hit,violence
5507,hockey,No theme
5518,hollywood,No theme
5526,home,No theme
5529,homeless,No theme
5555,honour,No theme
5566,hope,No theme
5582,horror,violence
5589,hospital,violence
5598,hot,No theme
5599,hotel,No theme
5635,human,No theme
5661,hurt,No theme
5663,husband,No theme
5672,hyderabad,No theme
5691,ias,No theme
5702,iconic,No theme
5708,idea,No theme
5711,identity,No theme
5751,image,No theme
5792,important,No theme
5830,include,No theme
5840,increase,No theme
5842,incredible,No theme
5934,injure,violence
5936,injury,violence
5971,inspire,empowerement
5972,inspiring,No theme
5974,instagram,No theme
5980,instead,No theme
6025,internet,No theme
6036,interview,No theme
6045,introduce,No theme
6095,iron,No theme
6117,isis,No theme
6121,islamic,No theme
6135,issue,No theme
6172,jail,violence
6176,jaipur,No theme
6205,janhvi,No theme
6210,japan,No theme
6211,japanese,No theme
6230,jayalalithaa,No theme
6254,jenner,No theme
6255,jennifer,No theme
6268,jessica,No theme
6283,jharkhand,No theme
6307,job,empowerement
6350,journalist,No theme
6351,journey,No theme
6359,judge,violence
6389,justice,violence
6391,justin,No theme
6410,kaif,No theme
6450,kangana,No theme
6473,karan,No theme
6477,kardashian,No theme
6479,kareena,No theme
6492,karnataka,No theme
6507,kashmir,No theme
6513,kate,No theme
6522,katrina,No theme
6525,kaur,No theme
6569,key,No theme
6576,khanna,No theme
6604,kid,female stereotypes
6606,kidnap,violence
6613,kill,violence
6614,killer,violence
6638,kiss,No theme
6689,kolkata,No theme
6703,korea,No theme
6742,kumar,No theme
6777,lack,No theme
6801,lakh,No theme
6832,language,No theme
6842,large,No theme
6855,later,No theme
6869,launch,empowerement
6879,law,violence
6884,lawyer,empowerement
6891,lead,empowerement
6892,leader,empowerement
6893,leadership,empowerement
6895,league,No theme
6905,learn,No theme
6926,legal,No theme
6959,leone,No theme
6968,lesson,No theme
6974,level,No theme
7002,lie,female stereotypes
7012,lift,No theme
7015,light,No theme
7063,little,No theme
7085,lock,No theme
7099,lok,No theme
7105,london,No theme
7122,lose,No theme
7124,loss,No theme
7126,lot,No theme
7136,love,female stereotypes
7140,lover,female stereotypes
7142,low,No theme
7157,lucknow,No theme
7237,magazine,No theme
7255,maharashtra,No theme
7282,major,No theme
7288,makeup,female stereotypes
7307,male,No theme
7333,mamata,No theme
7339,man,No theme
7343,manager,empowerement
7429,march,No theme
7455,mark,No theme
7457,market,No theme
7464,marriage,female stereotypes
7465,married,female stereotypes
7467,marry,female stereotypes
7481,mary,No theme
7546,matter,No theme
7566,mayor,empowerement
7593,mean,No theme
7605,medal,No theme
7612,medical,No theme
7654,melania,No theme
7660,member,No theme
7669,memory,No theme
7684,mental,No theme
7718,metoo,No theme
7720,metro,No theme
7748,middle,No theme
7777,military,No theme
7783,millennial,No theme
7792,mind,No theme
7804,minister,empowerement
7809,minor,No theme
7813,minute,No theme
7823,mirza,No theme
7856,mission,No theme
7862,mistake,No theme
7872,mithali,No theme
7882,mla,No theme
7889,mobile,No theme
7896,model,No theme
7899,modern,No theme
7923,molest,No theme
7924,molestation,No theme
7929,mom,female stereotypes
7941,money,No theme
8033,movement,No theme
8034,movie,No theme
8086,mum,female stereotypes
8087,mumbai,No theme
8104,murder,violence
8122,music,No theme
8126,muslim,No theme
8133,mutilation,No theme
8143,mystery,No theme
8163,nadu,No theme
8218,narendra,No theme
8225,nasa,No theme
8236,nation,No theme
8256,navy,No theme
8319,nepal,No theme
8347,newborn,female stereotypes
8375,nick,No theme
8413,nirbhaya,No theme
8432,noida,No theme
8455,north,No theme
8467,note,No theme
8477,novel,No theme
8523,obama,No theme
8574,officer,empowerement
8591,olympic,No theme
8603,online,No theme
8622,opinion,No theme
8651,order,No theme
8676,oscar,No theme
8707,outrage,violence
8752,owner,empowerement
8780,padukone,No theme
8793,pain,No theme
8802,pak,No theme
8803,pakistan,No theme
8804,pakistani,No theme
8846,panel,No theme
8895,parent,empowerement
8903,paris,No theme
8935,partner,No theme
8938,party,No theme
8947,passenger,No theme
8955,past,No theme
9086,perfect,empowerement
9089,perform,No theme
9090,performance,No theme
9097,period,No theme
9114,person,No theme
9115,personal,No theme
9131,pet,No theme
9192,pic,No theme
9220,pilot,No theme
9228,pink,No theme
9264,plane,No theme
9280,player,No theme
9287,plea,No theme
9288,plead,violence
9325,point,No theme
9339,police,violence
9343,policy,No theme
9347,politic,No theme
9348,political,No theme
9350,politician,No theme
9354,poll,No theme
9383,poor,No theme
9414,pose,No theme
9426,poster,No theme
9449,power,empowerement
9451,powerful,empowerement
9469,pradesh,No theme
9475,praise,No theme
9505,prefer,No theme
9508,pregnancy,female stereotypes
9509,pregnant,No theme
9536,president,No theme
9544,pretty,female stereotypes
9557,priest,No theme
9562,prince,No theme
9563,princess,female stereotypes
9572,prison,violence
9578,private,No theme
9587,prize,No theme
9593,probe,No theme
9611,professional,No theme
9626,project,No theme
9632,promise,No theme
9635,promote,No theme
9650,property,No theme
9669,protect,No theme
9675,protest,empowerement
9680,proud,No theme
9682,prove,No theme
9706,publish,No theme
9729,pune,No theme
9733,punjab,No theme
9797,queen,empowerement
9802,question,No theme
9815,quit,No theme
9832,race,No theme
9873,rahul,No theme
9879,railway,No theme
9887,raise,No theme
9889,raj,No theme
9894,rajasthan,No theme
9923,rally,No theme
9925,ram,No theme
9950,ranaut,No theme
9952,ranbir,No theme
9967,rank,No theme
9977,rape,violence
9981,rapist,violence
9984,rare,No theme
10000,rate,No theme
10034,reach,No theme
10035,react,No theme
10036,reaction,No theme
10040,ready,No theme
10045,reality,No theme
10052,reason,No theme
10064,recall,No theme
10090,record,No theme
10177,reject,No theme
10186,relationship,female stereotypes
10194,release,No theme
10212,remark,No theme
10256,reply,No theme
10258,reporter,No theme
10273,rescue,No theme
10275,research,No theme
10279,reservation,No theme
10303,respect,No theme
10307,response,No theme
10336,reunite,No theme
10342,reveal,No theme
10386,rich,No theme
10412,ring,No theme
10424,rise,empowerement
10427,risk,violence
10452,rob,violence
10512,room,No theme
10555,royal,No theme
10582,rule,No theme
10588,rumour,No theme
10598,rural,No theme
10603,russian,No theme
10618,sabarimala,No theme
10621,sabha,No theme
10648,safe,No theme
10652,safety,No theme
10708,salman,No theme
10783,sara,No theme
10801,saree,No theme
10847,saudi,No theme
10851,save,No theme
10892,scheme,No theme
10899,school,No theme
10908,science,No theme
10910,scientist,empowerement
10923,score,No theme
10937,screen,No theme
10961,search,No theme
10963,seat,No theme
10970,secret,No theme
10978,security,violence
11002,selfie,No theme
11020,senior,No theme
11028,sentence,violence
11047,serve,No theme
11049,service,No theme
11068,sex,female stereotypes
11069,sexism,No theme
11070,sexist,No theme
11073,sexual,female stereotypes
11077,sexually,female stereotypes
11078,sexy,No theme
11094,shah,No theme
11122,shame,No theme
11143,shape,No theme
11156,sharma,No theme
11210,shetty,No theme
11214,shift,No theme
11241,shock,No theme
11244,shocking,No theme
11246,shoe,No theme
11250,shoot,violence
11254,shop,female stereotypes
11262,short,No theme
11303,shut,No theme
11344,sikh,No theme
11348,silence,No theme
11375,sindhu,No theme
11379,sing,No theme
11383,singer,No theme
11384,singh,No theme
11389,single,female stereotypes
11394,sinha,No theme
11407,sit,No theme
11418,size,No theme
11439,skin,No theme
11460,slam,violence
11462,slap,No theme
11499,small,No theme
11502,smart,empowerement
11508,smile,No theme
11565,society,No theme
11579,soldier,No theme
11585,solo,No theme
11596,son,No theme
11598,sonakshi,No theme
11604,song,No theme
11613,soon,No theme
11637,south,No theme
11646,space,No theme
11670,special,No theme
11681,speech,No theme
11720,sport,No theme
11755,sridevi,No theme
11773,stab,violence
11781,staff,No theme
11784,stage,No theme
11792,stalk,No theme
11793,stalker,No theme
11803,stand,No theme
11810,star,empowerement
11820,startup,No theme
11825,statement,No theme
11829,statue,No theme
11835,steal,violence
11854,stereotype,No theme
11862,stick,No theme
11883,stone,No theme
11889,store,No theme
11936,strike,No theme
11939,strip,No theme
11945,strong,empowerement
11951,struggle,No theme
11956,student,No theme
11958,study,No theme
11971,style,No theme
11994,success,empowerement
11995,successful,empowerement
12012,sue,No theme
12013,suffer,violence
12034,suicide,violence
12076,sunny,No theme
12105,support,female stereotypes
12110,supreme,No theme
12125,surgery,No theme
12144,survive,empowerement
12145,survivor,empowerement
12154,suspect,violence
12155,suspend,No theme
12184,swaraj,No theme
12214,swift,No theme
12241,syndrome,No theme
12279,talaq,No theme
12280,tale,No theme
12295,tamil,No theme
12340,target,No theme
12358,tattoo,No theme
12370,taylor,No theme
12378,teach,No theme
12379,teacher,No theme
12382,tear,No theme
12388,techie,No theme
12395,teen,No theme
12396,teenage,No theme
12398,teenager,No theme
12408,telangana,No theme
12415,temple,No theme
12426,tennis,No theme
12433,teresa,No theme
12436,term,No theme
12465,texas,No theme
12479,thane,No theme
12524,thrash,No theme
12526,threat,No theme
12527,threaten,violence
12559,tie,No theme
12564,tiger,No theme
12576,time,No theme
12600,title,No theme
12610,toddler,No theme
12617,toilet,No theme
12638,tongue,No theme
12648,top,No theme
12659,torture,No theme
12664,touch,No theme
12666,tough,No theme
12679,track,No theme
12691,traffic,No theme
12703,training,No theme
12710,trans,No theme
12714,transform,No theme
12718,transgender,No theme
12735,trap,No theme
12749,treat,No theme
12750,treatment,No theme
12752,tree,No theme
12757,trend,No theme
12763,trial,violence
12765,tribal,No theme
12780,trip,No theme
12782,triple,No theme
12793,troll,No theme
12815,true,No theme
12820,truth,No theme
12871,tweet,No theme
12875,twice,No theme
12877,twin,No theme
12878,twinkle,No theme
12883,twitter,No theme
12897,uber,No theme
12912,ugly,No theme
12967,undergo,No theme
12976,understand,female stereotypes
13034,university,No theme
13142,uttar,No theme
13292,victim,female stereotypes
13303,vidya,No theme
13308,view,No theme
13346,violence,violence
13391,vogue,No theme
13392,voice,empowerement
13402,vote,No theme
13433,wake,No theme
13438,walk,No theme
13441,wall,No theme
13452,war,violence
13461,warn,No theme
13499,wear,No theme
13507,wedding,female stereotypes
13519,weight,female stereotypes
13531,west,No theme
13551,white,No theme
13567,wife,female stereotypes
13591,win,empowerement
13601,wing,No theme
13605,winner,empowerement
13639,wonder,No theme
13647,work,empowerement
13649,worker,empowerement
13654,workplace,No theme
13666,worth,empowerement
13683,write,No theme
13684,writer,No theme
13686,wrong,No theme
13739,yoga,No theme
13743,york,No theme
13746,young,No theme
13749,youth,No theme
13751,youtube,No theme
13900,anc,No theme
14243,cape,No theme
15098,guardian,No theme
17236,abbey,No theme
17293,accidentally,No theme
17301,accord,No theme
17411,aged,No theme
17425,agony,No theme
17472,album,No theme
17550,amanda,No theme
17618,animal,No theme
17684,appeal,No theme
17844,attacker,No theme
17942,backlash,No theme
17997,ball,No theme
18016,band,No theme
18130,bbc,No theme
18159,beckham,No theme
18291,bikini,female stereotypes
18329,bit,No theme
18333,bizarre,No theme
18366,blast,No theme
18379,blind,No theme
18412,blow,No theme
18513,bottle,No theme
18545,bra,No theme
18619,bridge,No theme
18636,brit,No theme
18685,brutal,No theme
18765,bury,No theme
18904,capture,No theme
18911,card,No theme
18914,cardiff,No theme
18944,carol,No theme
18949,carpet,No theme
18971,cash,No theme
19022,cctv,No theme
19087,chance,No theme
19095,channel,No theme
19116,charlotte,No theme
19150,chelsea,No theme
19162,cheryl,No theme
19385,cocaine,No theme
19425,collection,No theme
19522,concert,No theme
19645,cooper,No theme
19707,council,No theme
19802,critic,No theme
19805,criticise,No theme
19828,crown,No theme
19920,cyrus,No theme
19962,dangerous,No theme
20019,deadly,violence
20192,desperate,No theme
20244,diagnose,No theme
20297,dinner,No theme
20361,disney,No theme
20400,ditch,No theme
20432,documentary,No theme
20441,doll,No theme
20501,downton,No theme
20510,dragon,No theme
20513,drama,female stereotypes
20566,duchess,female stereotypes
20647,east,No theme
20698,egg,No theme
20781,emma,No theme
20822,engagement,No theme
20831,enjoy,No theme
20868,episode,No theme
20954,evil,No theme
21060,factor,No theme
21092,fame,No theme
21147,favourite,No theme
21230,fiance,No theme
21315,flash,No theme
21331,flee,No theme
21392,footage,No theme
21449,fox,No theme
21556,funny,No theme
21558,furious,No theme
21614,garden,No theme
21662,generation,No theme
21677,george,No theme
21690,german,No theme
21706,ghost,No theme
21710,giant,No theme
21755,glasgow,No theme
21838,gossip,female stereotypes
21906,green,No theme
22043,hall,No theme
22128,harry,No theme
22206,heartbreaking,No theme
22232,heel,No theme
22248,hell,No theme
22316,hill,No theme
22435,horrific,No theme
22441,horse,No theme
22510,hunt,No theme
22555,ice,No theme
22574,ign,No theme
22582,ill,No theme
22825,investigation,No theme
22874,island,No theme
22904,jackson,No theme
22930,jane,No theme
23022,joke,No theme
23028,jones,No theme
23133,katie,No theme
23136,katy,No theme
23160,kelly,No theme
23231,kind,female stereotypes
23235,king,No theme
23265,knife,violence
23273,knock,No theme
23323,kylie,No theme
23329,labour,No theme
23407,laugh,No theme
23412,laura,No theme
23424,lawrence,No theme
23499,lesbian,No theme
23596,lip,No theme
23616,liverpool,No theme
23681,loose,female stereotypes
23897,manchester,No theme
23999,marvel,No theme
24056,maul,No theme
24093,mcdonald,No theme
24238,mexico,No theme
24249,michelle,No theme
24261,middleton,No theme
24282,mile,No theme
24284,miley,No theme
24334,miracle,No theme
24443,monster,No theme
24467,morgan,No theme
24471,morning,No theme
24690,neighbour,No theme
24713,netflix,No theme
24726,newcastle,No theme
24766,nightclub,No theme
24823,nose,No theme
24855,nurse,female stereotypes
25007,orgasm,No theme
25044,outfit,No theme
25121,paedophile,No theme
25138,pal,No theme
25254,patient,female stereotypes
25327,penis,No theme
25368,perry,No theme
25436,photographer,No theme
25472,pill,No theme
25527,plastic,No theme
25548,plot,No theme
25558,plymouth,No theme
25627,pop,No theme
25652,portrait,No theme
25733,premiere,No theme
25744,presenter,No theme
25766,price,No theme
25883,pub,No theme
25919,pupil,No theme
25986,rachel,No theme
25991,racist,violence
26010,rage,violence
26059,rant,No theme
26122,recent,No theme
26199,regret,No theme
26326,restaurant,No theme
26361,revenge,No theme
26418,rihanna,No theme
26429,rip,No theme
26442,river,No theme
26585,ruin,No theme
26602,rush,No theme
26756,scandal,No theme
26785,schoolgirl,No theme
26806,scot,No theme
26808,scotland,No theme
26810,scottish,No theme
26820,scream,No theme
26914,serial,No theme
26916,seriously,No theme
27004,shed,No theme
27049,shooting,violence
27099,sick,No theme
27224,slave,No theme
27277,smash,No theme
27283,smith,No theme
27304,snap,No theme
27461,spice,No theme
27463,spider,No theme
27483,split,No theme
27486,spoiler,No theme
27515,spy,No theme
27669,storm,No theme
27683,stranger,No theme
27738,stun,No theme
27740,stunning,No theme
27791,suggest,No theme
27800,summer,No theme
27808,sunday,No theme
27952,syria,No theme
28016,tape,No theme
28118,terrifying,No theme
28121,terror,No theme
28140,text,No theme
28151,thatcher,No theme
28155,theatre,No theme
28198,throne,No theme
28201,thug,violence
28240,tinder,No theme
28292,tooth,No theme
28332,toy,No theme
28355,tragedy,No theme
28356,tragic,No theme
28436,trick,No theme
28490,tube,No theme
28502,tumour,No theme
28701,unveil,No theme
28754,vagina,No theme
28846,victoria,No theme
28858,viewer,No theme
28879,violent,violence
28959,wale,No theme
29026,watson,No theme
29040,weather,No theme
29074,welsh,No theme
29142,wild,No theme
29166,window,No theme
29169,windsor,No theme
29231,wood,No theme
29289,wwe,No theme
29449,accuser,No theme
29484,address,No theme
29572,agent,No theme
29607,alabama,No theme
29661,alleged,violence
29714,amber,No theme
29771,angelina,No theme
29783,aniston,No theme
29823,antonio,No theme
29830,apartment,No theme
29836,apologize,No theme
29848,appearance,No theme
29886,area,No theme
29904,arizona,No theme
29954,ashley,No theme
30020,attorney,No theme
30055,authority,empowerement
30113,bachelor,No theme
30244,basketball,No theme
30258,bathroom,No theme
30349,bell,No theme
30439,bieber,No theme
30453,billboard,No theme
30477,bird,No theme
30510,blake,No theme
30658,boston,No theme
30684,bowl,No theme
30704,bradley,No theme
30799,britney,No theme
30808,broadway,No theme
30814,bronx,No theme
30818,brooklyn,No theme
30872,building,No theme
30876,bull,No theme
30886,bump,No theme
30923,bush,No theme
30929,bust,No theme
30935,butt,No theme
30975,caitlyn,No theme
31008,camp,No theme
31019,cancel,No theme
31099,carolina,No theme
31109,carrie,No theme
31215,center,No theme
31309,chef,No theme
31332,chicago,No theme
31341,childhood,No theme
31382,chris,No theme
31392,christina,No theme
31511,clip,No theme
31607,colorado,No theme
31629,comedy,No theme
31631,comfort,No theme
31634,comic,No theme
31695,con,No theme
31734,confront,No theme
31831,cookie,No theme
31875,cortez,No theme
31891,costume,No theme
31963,crazy,female stereotypes
31968,creator,No theme
31972,credit,No theme
32000,criticize,No theme
32027,cruise,No theme
32126,daily,No theme
32288,defense,violence
32343,democratic,No theme
32397,deschanel,No theme
32474,diary,No theme
32487,diego,No theme
32527,direct,No theme
32540,disappearance,No theme
32562,discuss,No theme
32573,dish,No theme
33066,engage,No theme
33194,eva,No theme
33326,fair,No theme
33383,fatal,No theme
33385,fatally,No theme
33474,feud,No theme
33514,finale,No theme
33689,forward,No theme
33795,fun,No theme
33827,gain,No theme
33931,georgia,No theme
34035,globe,No theme
34049,goat,No theme
34066,golf,No theme
34070,gomez,No theme
34088,gop,No theme
34119,grab,No theme
34134,grammy,No theme
34142,grandma,female stereotypes
34181,greta,No theme
34242,guest,No theme
34323,halloween,No theme
34390,harris,No theme
34401,harvey,No theme
34580,historic,No theme
34648,honor,No theme
34702,housewife,female stereotypes
34706,houston,No theme
34719,hudson,No theme
34915,indiana,No theme
34937,infant,No theme
35072,investigate,No theme
35087,iowa,No theme
35206,jean,No theme
35236,jersey,No theme
35288,johnson,No theme
35294,jolie,No theme
35395,kanye,No theme
35460,kendall,No theme
35498,kidnapping,violence
35507,killing,violence
35510,kim,No theme
35525,kinney,No theme
35590,kourtney,No theme
35616,ksl,No theme
35664,lake,No theme
35706,las,No theme
35745,lawmaker,No theme
35750,lawsuit,violence
35797,legacy,No theme
35957,lively,No theme
36001,lohan,No theme
36026,lopez,No theme
36055,lovato,No theme
36090,lunch,No theme
36252,manhattan,No theme
36289,marathon,No theme
36308,maria,No theme
36319,marine,No theme
36372,maryland,No theme
36527,megan,No theme
36536,melissa,No theme
36544,memba,No theme
36550,memoir,No theme
36613,mexican,No theme
36628,michigan,No theme
36682,minaj,No theme
36726,misconduct,No theme
36781,mock,No theme
36893,mourn,No theme
37039,nba,No theme
37064,neighbor,No theme
37116,nfl,No theme
37128,nicki,No theme
37251,nyc,No theme
37256,nypd,No theme
37320,ohio,No theme
37328,oklahoma,No theme
37541,paltrow,No theme
37554,pant,No theme
37714,pen,No theme
37725,pennsylvania,No theme
37852,piece,No theme
37878,pioneer,No theme
37995,politico,No theme
38027,pope,No theme
38065,possible,No theme
38083,pound,No theme
38204,pro,No theme
38217,producer,No theme
38263,prosecutor,No theme
38493,rapper,No theme
38619,reese,No theme
38629,reflect,No theme
38737,reportedly,No theme
38748,republican,No theme
38874,richard,No theme
38946,robbery,violence
38950,robert,No theme
38995,romance,No theme
39052,rousey,No theme
39088,rumor,No theme
39116,ryan,No theme
39153,sale,No theme
39177,san,No theme
39306,scott,No theme
39376,selena,No theme
39548,shirt,No theme
39573,shot,No theme
39655,simpson,No theme
39745,slay,No theme
39747,slaying,No theme
39823,sneak,No theme
39829,snl,No theme
39853,soccer,No theme
39864,soda,No theme
39926,sound,No theme
39930,source,No theme
39966,spear,No theme
40027,spotlight,No theme
40158,stewart,No theme
40296,subway,No theme
40341,sun,No theme
40357,superhero,No theme
40403,susan,No theme
40439,sweet,No theme
40628,tennessee,No theme
40660,testify,No theme
40687,thehill,No theme
40834,tony,No theme
41019,truck,No theme
41205,union,No theme
41293,usa,No theme
41304,utah,No theme
41328,valley,No theme
41344,vanish,No theme
41359,vegas,No theme
41456,virginia,No theme
41505,voter,No theme
41546,walmart,No theme
41578,washington,No theme
41619,weekend,No theme
41714,williams,No theme
41747,winter,No theme
41758,witherspoon,No theme
